channel_id,z,element,shell,kappa,occupancy,file,n_rows,e0_min_keV,e0_max_keV,e_th_keV_bote,s_cert_min_A_inv,s_cert_max_A_inv,dataset_version
K_Z6,6,C,K,-1,2.0,F_K_Z6.json,22,30.0,400.0,0.29100,14.00,16.00,5.0.0
K_Z7,7,N,K,-1,2.0,F_K_Z7.json,23,30.0,400.0,0.40485,14.00,16.00,5.0.0
K_Z8,8,O,K,-1,2.0,F_K_Z8.json,24,30.0,400.0,0.53728,14.00,16.00,5.0.0
K_Z9,9,F,K,-1,2.0,F_K_Z9.json,26,30.0,400.0,0.68838,14.00,16.00,5.0.0
K_Z10,10,Ne,K,-1,2.0,F_K_Z10.json,25,30.0,400.0,0.85821,14.00,16.00,5.0.0
K_Z11,11,Na,K,-1,2.0,F_K_Z11.json,26,30.0,400.0,1.06401,14.00,16.00,5.0.0
K_Z12,12,Mg,K,-1,2.0,F_K_Z12.json,30,30.0,400.0,1.29451,14.00,16.00,5.0.0
K_Z13,13,Al,K,-1,2.0,F_K_Z13.json,31,30.0,400.0,1.54992,14.00,16.00,5.0.0
K_Z14,14,Si,K,-1,2.0,F_K_Z14.json,32,30.0,400.0,1.82850,14.00,16.00,5.0.0
K_Z15,15,P,K,-1,2.0,F_K_Z15.json,29,30.0,400.0,2.13045,14.00,16.00,5.0.0
K_Z16,16,S,K,-1,2.0,F_K_Z16.json,25,30.0,400.0,2.45590,14.00,16.00,5.0.0
K_Z17,17,Cl,K,-1,2.0,F_K_Z17.json,29,30.0,400.0,2.80494,14.00,16.00,5.0.0
K_Z18,18,Ar,K,-1,2.0,F_K_Z18.json,30,30.0,400.0,3.17764,14.00,16.00,5.0.0
K_Z19,19,K,K,-1,2.0,F_K_Z19.json,29,30.0,400.0,3.58338,14.00,16.00,5.0.0
K_Z20,20,Ca,K,-1,2.0,F_K_Z20.json,32,30.0,400.0,4.01514,14.00,16.00,5.0.0
L1_Z20,20,Ca,L1,-1,2.0,F_L1_Z20.json,22,30.0,400.0,0.43414,14.00,16.00,5.0.0
L2_Z20,20,Ca,L2,1,2.0,F_L2_Z20.json,22,30.0,400.0,0.35907,14.00,16.00,5.0.0
L3_Z20,20,Ca,L3,-2,4.0,F_L3_Z20.json,22,30.0,400.0,0.35519,14.00,16.00,5.0.0
K_Z21,21,Sc,K,-1,2.0,F_K_Z21.json,32,30.0,400.0,4.46595,14.00,16.00,5.0.0
L1_Z21,21,Sc,L1,-1,2.0,F_L1_Z21.json,23,30.0,400.0,0.49431,14.00,16.00,5.0.0
L2_Z21,21,Sc,L2,1,2.0,F_L2_Z21.json,23,30.0,400.0,0.41369,14.00,16.00,5.0.0
L3_Z21,21,Sc,L3,-2,4.0,F_L3_Z21.json,23,30.0,400.0,0.40882,14.00,16.00,5.0.0
K_Z22,22,Ti,K,-1,2.0,F_K_Z22.json,27,30.0,400.0,4.94073,14.00,16.00,5.0.0
L1_Z22,22,Ti,L1,-1,2.0,F_L1_Z22.json,24,30.0,400.0,0.55745,14.00,16.00,5.0.0
L2_Z22,22,Ti,L2,1,2.0,F_L2_Z22.json,24,30.0,400.0,0.47122,14.00,16.00,5.0.0
L3_Z22,22,Ti,L3,-2,4.0,F_L3_Z22.json,24,30.0,400.0,0.46518,14.00,16.00,5.0.0
K_Z23,23,V,K,-1,2.0,F_K_Z23.json,34,30.0,400.0,5.43970,14.00,16.00,5.0.0
L1_Z23,23,V,L1,-1,2.0,F_L1_Z23.json,23,30.0,400.0,0.62377,14.00,16.00,5.0.0
L2_Z23,23,V,L2,1,2.0,F_L2_Z23.json,23,30.0,400.0,0.53186,14.00,16.00,5.0.0
L3_Z23,23,V,L3,-2,4.0,F_L3_Z23.json,23,30.0,400.0,0.52446,14.00,16.00,5.0.0
K_Z24,24,Cr,K,-1,2.0,F_K_Z24.json,30,30.0,400.0,5.96304,14.00,16.00,5.0.0
L1_Z24,24,Cr,L1,-1,2.0,F_L1_Z24.json,26,30.0,400.0,0.69339,14.00,16.00,5.0.0
L2_Z24,24,Cr,L2,1,2.0,F_L2_Z24.json,24,30.0,400.0,0.59573,14.00,16.00,5.0.0
L3_Z24,24,Cr,L3,-2,4.0,F_L3_Z24.json,24,30.0,400.0,0.58673,14.00,16.00,5.0.0
K_Z25,25,Mn,K,-1,2.0,F_K_Z25.json,33,30.0,400.0,6.51094,14.00,16.00,5.0.0
L1_Z25,25,Mn,L1,-1,2.0,F_L1_Z25.json,27,30.0,400.0,0.76644,14.00,16.00,5.0.0
L2_Z25,25,Mn,L2,1,2.0,F_L2_Z25.json,25,30.0,400.0,0.66294,14.00,16.00,5.0.0
L3_Z25,25,Mn,L3,-2,4.0,F_L3_Z25.json,26,30.0,400.0,0.65210,14.00,16.00,5.0.0
K_Z26,26,Fe,K,-1,2.0,F_K_Z26.json,28,30.0,400.0,7.08348,14.00,16.00,5.0.0
L1_Z26,26,Fe,L1,-1,2.0,F_L1_Z26.json,26,30.0,400.0,0.84294,14.00,16.00,5.0.0
L2_Z26,26,Fe,L2,1,2.0,F_L2_Z26.json,24,30.0,400.0,0.73352,14.00,16.00,5.0.0
L3_Z26,26,Fe,L3,-2,4.0,F_L3_Z26.json,24,30.0,400.0,0.72058,14.00,16.00,5.0.0
K_Z27,27,Co,K,-1,2.0,F_K_Z27.json,37,30.0,400.0,7.68079,14.00,16.00,5.0.0
L1_Z27,27,Co,L1,-1,2.0,F_L1_Z27.json,27,30.0,400.0,0.92295,14.00,16.00,5.0.0
L2_Z27,27,Co,L2,1,2.0,F_L2_Z27.json,26,30.0,400.0,0.80754,14.00,16.00,5.0.0
L3_Z27,27,Co,L3,-2,4.0,F_L3_Z27.json,26,30.0,400.0,0.79219,14.00,16.00,5.0.0
K_Z28,28,Ni,K,-1,2.0,F_K_Z28.json,32,30.0,400.0,8.30301,14.00,16.00,5.0.0
L1_Z28,28,Ni,L1,-1,2.0,F_L1_Z28.json,26,30.0,400.0,1.00652,14.00,16.00,5.0.0
L2_Z28,28,Ni,L2,1,2.0,F_L2_Z28.json,23,30.0,400.0,0.88502,14.00,16.00,5.0.0
L3_Z28,28,Ni,L3,-2,4.0,F_L3_Z28.json,25,30.0,400.0,0.86696,14.00,16.00,5.0.0
K_Z29,29,Cu,K,-1,2.0,F_K_Z29.json,32,30.0,400.0,8.95025,14.00,16.00,5.0.0
L1_Z29,29,Cu,L1,-1,2.0,F_L1_Z29.json,29,30.0,400.0,1.09370,14.00,16.00,5.0.0
L2_Z29,29,Cu,L2,1,2.0,F_L2_Z29.json,28,30.0,400.0,0.96603,14.00,16.00,5.0.0
L3_Z29,29,Cu,L3,-2,4.0,F_L3_Z29.json,27,30.0,400.0,0.94489,14.00,16.00,5.0.0
K_Z30,30,Zn,K,-1,2.0,F_K_Z30.json,35,30.0,400.0,9.62267,14.00,16.00,5.0.0
L1_Z30,30,Zn,L1,-1,2.0,F_L1_Z30.json,27,30.0,400.0,1.18452,14.00,16.00,5.0.0
L2_Z30,30,Zn,L2,1,2.0,F_L2_Z30.json,25,30.0,400.0,1.05060,14.00,16.00,5.0.0
L3_Z30,30,Zn,L3,-2,4.0,F_L3_Z30.json,25,30.0,400.0,1.02600,14.00,16.00,5.0.0
M1_Z30,30,Zn,M1,-1,2.0,F_M1_Z30.json,22,30.0,400.0,0.13749,14.00,16.00,5.0.0
M2_Z30,30,Zn,M2,1,2.0,F_M2_Z30.json,22,30.0,400.0,0.09379,14.00,16.00,5.0.0
M3_Z30,30,Zn,M3,-2,4.0,F_M3_Z30.json,22,30.0,400.0,0.09059,14.00,16.00,5.0.0
K_Z31,31,Ga,K,-1,2.0,F_K_Z31.json,34,30.0,400.0,10.33130,14.00,16.00,5.0.0
L1_Z31,31,Ga,L1,-1,2.0,F_L1_Z31.json,30,30.0,400.0,1.29077,14.00,16.00,5.0.0
L2_Z31,31,Ga,L2,1,2.0,F_L2_Z31.json,29,30.0,400.0,1.15043,14.00,16.00,5.0.0
L3_Z31,31,Ga,L3,-2,4.0,F_L3_Z31.json,27,30.0,400.0,1.12196,14.00,16.00,5.0.0
M1_Z31,31,Ga,M1,-1,2.0,F_M1_Z31.json,22,30.0,400.0,0.15773,14.00,16.00,5.0.0
M2_Z31,31,Ga,M2,1,2.0,F_M2_Z31.json,22,30.0,400.0,0.11099,14.00,16.00,5.0.0
M3_Z31,31,Ga,M3,-2,4.0,F_M3_Z31.json,22,30.0,400.0,0.10720,14.00,16.00,5.0.0
K_Z32,32,Ge,K,-1,2.0,F_K_Z32.json,33,30.0,400.0,11.06660,14.00,16.00,5.0.0
L1_Z32,32,Ge,L1,-1,2.0,F_L1_Z32.json,27,30.0,400.0,1.40224,14.00,16.00,5.0.0
L2_Z32,32,Ge,L2,1,2.0,F_L2_Z32.json,24,30.0,400.0,1.25537,14.00,16.00,5.0.0
L3_Z32,32,Ge,L3,-2,4.0,F_L3_Z32.json,29,30.0,400.0,1.22261,14.00,16.00,5.0.0
M1_Z32,32,Ge,M1,-1,2.0,F_M1_Z32.json,22,30.0,400.0,0.17914,14.00,16.00,5.0.0
M2_Z32,32,Ge,M2,1,2.0,F_M2_Z32.json,22,30.0,400.0,0.12927,14.00,16.00,5.0.0
M3_Z32,32,Ge,M3,-2,4.0,F_M3_Z32.json,22,30.0,400.0,0.12480,14.00,16.00,5.0.0
K_Z33,33,As,K,-1,2.0,F_K_Z33.json,31,30.0,400.0,11.82910,14.00,16.00,5.0.0
L1_Z33,33,As,L1,-1,2.0,F_L1_Z33.json,27,30.0,400.0,1.51918,14.00,16.00,5.0.0
L2_Z33,33,As,L2,1,2.0,F_L2_Z33.json,28,30.0,400.0,1.36568,14.00,16.00,5.0.0
L3_Z33,33,As,L3,-2,4.0,F_L3_Z33.json,28,30.0,400.0,1.32813,14.00,16.00,5.0.0
M1_Z33,33,As,M1,-1,2.0,F_M1_Z33.json,22,30.0,400.0,0.20195,14.00,16.00,5.0.0
M2_Z33,33,As,M2,1,2.0,F_M2_Z33.json,22,30.0,400.0,0.14887,14.00,16.00,5.0.0
M3_Z33,33,As,M3,-2,4.0,F_M3_Z33.json,22,30.0,400.0,0.14363,14.00,16.00,5.0.0
M4_Z33,33,As,M4,2,4.0,F_M4_Z33.json,22,30.0,400.0,0.05117,14.00,16.00,5.0.0
M5_Z33,33,As,M5,-3,6.0,F_M5_Z33.json,22,30.0,400.0,0.05037,14.00,16.00,5.0.0
K_Z34,34,Se,K,-1,2.0,F_K_Z34.json,31,30.0,400.0,12.61870,14.00,16.00,5.0.0
L1_Z34,34,Se,L1,-1,2.0,F_L1_Z34.json,28,30.0,400.0,1.64151,14.00,16.00,5.0.0
L2_Z34,34,Se,L2,1,2.0,F_L2_Z34.json,24,30.0,400.0,1.48129,14.00,16.00,5.0.0
L3_Z34,34,Se,L3,-2,4.0,F_L3_Z34.json,26,30.0,400.0,1.43845,14.00,16.00,5.0.0
M1_Z34,34,Se,M1,-1,2.0,F_M1_Z34.json,22,30.0,400.0,0.22607,14.00,16.00,5.0.0
M2_Z34,34,Se,M2,1,2.0,F_M2_Z34.json,22,30.0,400.0,0.16973,14.00,16.00,5.0.0
M3_Z34,34,Se,M3,-2,4.0,F_M3_Z34.json,22,30.0,400.0,0.16360,14.00,16.00,5.0.0
M4_Z34,34,Se,M4,2,4.0,F_M4_Z34.json,22,30.0,400.0,0.06480,14.00,16.00,5.0.0
M5_Z34,34,Se,M5,-3,6.0,F_M5_Z34.json,22,30.0,400.0,0.06382,14.00,16.00,5.0.0
K_Z35,35,Br,K,-1,2.0,F_K_Z35.json,35,30.0,400.0,13.43570,14.00,16.00,5.0.0
L1_Z35,35,Br,L1,-1,2.0,F_L1_Z35.json,25,30.0,400.0,1.76926,14.00,16.00,5.0.0
L2_Z35,35,Br,L2,1,2.0,F_L2_Z35.json,29,30.0,400.0,1.60223,14.00,16.00,5.0.0
L3_Z35,35,Br,L3,-2,4.0,F_L3_Z35.json,31,30.0,400.0,1.55353,14.00,16.00,5.0.0
M1_Z35,35,Br,M1,-1,2.0,F_M1_Z35.json,22,30.0,400.0,0.25151,14.00,16.00,5.0.0
M2_Z35,35,Br,M2,1,2.0,F_M2_Z35.json,22,30.0,400.0,0.19183,14.00,16.00,5.0.0
M3_Z35,35,Br,M3,-2,4.0,F_M3_Z35.json,22,30.0,400.0,0.18471,14.00,16.00,5.0.0
M4_Z35,35,Br,M4,2,4.0,F_M4_Z35.json,22,30.0,400.0,0.07952,14.00,16.00,5.0.0
M5_Z35,35,Br,M5,-3,6.0,F_M5_Z35.json,22,30.0,400.0,0.07835,14.00,16.00,5.0.0
K_Z36,36,Kr,K,-1,2.0,F_K_Z36.json,32,30.0,400.0,14.28010,14.00,16.00,5.0.0
L1_Z36,36,Kr,L1,-1,2.0,F_L1_Z36.json,29,30.0,400.0,1.90246,14.00,16.00,5.0.0
L2_Z36,36,Kr,L2,1,2.0,F_L2_Z36.json,29,30.0,400.0,1.72851,14.00,16.00,5.0.0
L3_Z36,36,Kr,L3,-2,4.0,F_L3_Z36.json,27,30.0,400.0,1.67338,14.00,16.00,5.0.0
M1_Z36,36,Kr,M1,-1,2.0,F_M1_Z36.json,22,30.0,400.0,0.27825,14.00,16.00,5.0.0
M2_Z36,36,Kr,M2,1,2.0,F_M2_Z36.json,22,30.0,400.0,0.21519,14.00,16.00,5.0.0
M3_Z36,36,Kr,M3,-2,4.0,F_M3_Z36.json,22,30.0,400.0,0.20694,14.00,16.00,5.0.0
M4_Z36,36,Kr,M4,2,4.0,F_M4_Z36.json,22,30.0,400.0,0.09533,14.00,16.00,5.0.0
M5_Z36,36,Kr,M5,-3,6.0,F_M5_Z36.json,22,30.0,400.0,0.09393,14.00,16.00,5.0.0
K_Z37,37,Rb,K,-1,2.0,F_K_Z37.json,33,30.0,400.0,15.15940,14.00,16.00,5.0.0
L1_Z37,37,Rb,L1,-1,2.0,F_L1_Z37.json,27,30.0,400.0,2.04818,14.00,16.00,5.0.0
L2_Z37,37,Rb,L2,1,2.0,F_L2_Z37.json,29,30.0,400.0,1.86723,14.00,16.00,5.0.0
L3_Z37,37,Rb,L3,-2,4.0,F_L3_Z37.json,29,30.0,400.0,1.80502,14.00,16.00,5.0.0
M1_Z37,37,Rb,M1,-1,2.0,F_M1_Z37.json,22,30.0,400.0,0.31327,14.00,16.00,5.0.0
M2_Z37,37,Rb,M2,1,2.0,F_M2_Z37.json,22,30.0,400.0,0.24677,14.00,16.00,5.0.0
M3_Z37,37,Rb,M3,-2,4.0,F_M3_Z37.json,22,30.0,400.0,0.23727,14.00,16.00,5.0.0
M4_Z37,37,Rb,M4,2,4.0,F_M4_Z37.json,22,30.0,400.0,0.11918,14.00,16.00,5.0.0
M5_Z37,37,Rb,M5,-3,6.0,F_M5_Z37.json,22,30.0,400.0,0.11752,14.00,16.00,5.0.0
K_Z38,38,Sr,K,-1,2.0,F_K_Z38.json,32,30.0,400.0,16.06740,14.00,16.00,5.0.0
L1_Z38,38,Sr,L1,-1,2.0,F_L1_Z38.json,32,30.0,400.0,2.20032,14.00,16.00,5.0.0
L2_Z38,38,Sr,L2,1,2.0,F_L2_Z38.json,29,30.0,400.0,2.01230,14.00,16.00,5.0.0
L3_Z38,38,Sr,L3,-2,4.0,F_L3_Z38.json,31,30.0,400.0,1.94234,14.00,16.00,5.0.0
M1_Z38,38,Sr,M1,-1,2.0,F_M1_Z38.json,22,30.0,400.0,0.35041,14.00,16.00,5.0.0
M2_Z38,38,Sr,M2,1,2.0,F_M2_Z38.json,22,30.0,400.0,0.28041,14.00,16.00,5.0.0
M3_Z38,38,Sr,M3,-2,4.0,F_M3_Z38.json,22,30.0,400.0,0.26951,14.00,16.00,5.0.0
M4_Z38,38,Sr,M4,2,4.0,F_M4_Z38.json,22,30.0,400.0,0.14490,14.00,16.00,5.0.0
M5_Z38,38,Sr,M5,-3,6.0,F_M5_Z38.json,22,30.0,400.0,0.14295,14.00,16.00,5.0.0
K_Z39,39,Y,K,-1,2.0,F_K_Z39.json,36,30.0,400.0,17.00080,14.00,16.00,5.0.0
L1_Z39,39,Y,L1,-1,2.0,F_L1_Z39.json,31,30.0,400.0,2.35500,14.00,16.00,5.0.0
L2_Z39,39,Y,L2,1,2.0,F_L2_Z39.json,29,30.0,400.0,2.15984,14.00,16.00,5.0.0
L3_Z39,39,Y,L3,-2,4.0,F_L3_Z39.json,28,30.0,400.0,2.08140,14.00,16.00,5.0.0
M1_Z39,39,Y,M1,-1,2.0,F_M1_Z39.json,23,30.0,400.0,0.38585,14.00,16.00,5.0.0
M2_Z39,39,Y,M2,1,2.0,F_M2_Z39.json,22,30.0,400.0,0.31231,14.00,16.00,5.0.0
M3_Z39,39,Y,M3,-2,4.0,F_M3_Z39.json,22,30.0,400.0,0.29986,14.00,16.00,5.0.0
M4_Z39,39,Y,M4,2,4.0,F_M4_Z39.json,22,30.0,400.0,0.16868,14.00,16.00,5.0.0
M5_Z39,39,Y,M5,-3,6.0,F_M5_Z39.json,22,30.0,400.0,0.16640,14.00,16.00,5.0.0
K_Z40,40,Zr,K,-1,2.0,F_K_Z40.json,34,30.0,400.0,17.96190,14.00,16.00,5.0.0
L1_Z40,40,Zr,L1,-1,2.0,F_L1_Z40.json,25,30.0,400.0,2.51473,14.00,16.00,5.0.0
L2_Z40,40,Zr,L2,1,2.0,F_L2_Z40.json,30,30.0,400.0,2.31236,14.00,16.00,5.0.0
L3_Z40,40,Zr,L3,-2,4.0,F_L3_Z40.json,30,30.0,400.0,2.22466,14.00,16.00,5.0.0
M1_Z40,40,Zr,M1,-1,2.0,F_M1_Z40.json,23,30.0,400.0,0.42208,14.00,16.00,5.0.0
M2_Z40,40,Zr,M2,1,2.0,F_M2_Z40.json,22,30.0,400.0,0.34495,14.00,16.00,5.0.0
M3_Z40,40,Zr,M3,-2,4.0,F_M3_Z40.json,22,30.0,400.0,0.33077,14.00,16.00,5.0.0
M4_Z40,40,Zr,M4,2,4.0,F_M4_Z40.json,22,30.0,400.0,0.19298,14.00,16.00,5.0.0
M5_Z40,40,Zr,M5,-3,6.0,F_M5_Z40.json,22,30.0,400.0,0.19033,14.00,16.00,5.0.0
K_Z41,41,Nb,K,-1,2.0,F_K_Z41.json,35,30.0,400.0,18.95130,14.00,16.00,5.0.0
L1_Z41,41,Nb,L1,-1,2.0,F_L1_Z41.json,31,30.0,400.0,2.67980,14.00,16.00,5.0.0
L2_Z41,41,Nb,L2,1,2.0,F_L2_Z41.json,26,30.0,400.0,2.47012,14.00,16.00,5.0.0
L3_Z41,41,Nb,L3,-2,4.0,F_L3_Z41.json,30,30.0,400.0,2.37235,14.00,16.00,5.0.0
M1_Z41,41,Nb,M1,-1,2.0,F_M1_Z41.json,24,30.0,400.0,0.45935,14.00,16.00,5.0.0
M2_Z41,41,Nb,M2,1,2.0,F_M2_Z41.json,22,30.0,400.0,0.37858,14.00,16.00,5.0.0
M3_Z41,41,Nb,M3,-2,4.0,F_M3_Z41.json,22,30.0,400.0,0.36250,14.00,16.00,5.0.0
M4_Z41,41,Nb,M4,2,4.0,F_M4_Z41.json,22,30.0,400.0,0.21805,14.00,16.00,5.0.0
M5_Z41,41,Nb,M5,-3,6.0,F_M5_Z41.json,22,30.0,400.0,0.21500,14.00,16.00,5.0.0
K_Z42,42,Mo,K,-1,2.0,F_K_Z42.json,32,30.0,400.0,19.96910,14.00,16.00,5.0.0
L1_Z42,42,Mo,L1,-1,2.0,F_L1_Z42.json,30,30.0,400.0,2.85034,14.00,16.00,5.0.0
L2_Z42,42,Mo,L2,1,2.0,F_L2_Z42.json,31,30.0,400.0,2.63328,14.00,16.00,5.0.0
L3_Z42,42,Mo,L3,-2,4.0,F_L3_Z42.json,25,30.0,400.0,2.52456,14.00,16.00,5.0.0
M1_Z42,42,Mo,M1,-1,2.0,F_M1_Z42.json,23,30.0,400.0,0.49776,14.00,16.00,5.0.0
M2_Z42,42,Mo,M2,1,2.0,F_M2_Z42.json,23,30.0,400.0,0.41330,14.00,16.00,5.0.0
M3_Z42,42,Mo,M3,-2,4.0,F_M3_Z42.json,23,30.0,400.0,0.39514,14.00,16.00,5.0.0
M4_Z42,42,Mo,M4,2,4.0,F_M4_Z42.json,22,30.0,400.0,0.24398,14.00,16.00,5.0.0
M5_Z42,42,Mo,M5,-3,6.0,F_M5_Z42.json,22,30.0,400.0,0.24047,14.00,16.00,5.0.0
K_Z43,43,Tc,K,-1,2.0,F_K_Z43.json,34,30.0,400.0,21.01190,14.00,16.00,5.0.0
L1_Z43,43,Tc,L1,-1,2.0,F_L1_Z43.json,30,30.0,400.0,3.02246,14.00,16.00,5.0.0
L2_Z43,43,Tc,L2,1,2.0,F_L2_Z43.json,31,30.0,400.0,2.79796,14.00,16.00,5.0.0
L3_Z43,43,Tc,L3,-2,4.0,F_L3_Z43.json,31,30.0,400.0,2.67736,14.00,16.00,5.0.0
M1_Z43,43,Tc,M1,-1,2.0,F_M1_Z43.json,24,30.0,400.0,0.53344,14.00,16.00,5.0.0
M2_Z43,43,Tc,M2,1,2.0,F_M2_Z43.json,22,30.0,400.0,0.44525,14.00,16.00,5.0.0
M3_Z43,43,Tc,M3,-2,4.0,F_M3_Z43.json,23,30.0,400.0,0.42480,14.00,16.00,5.0.0
M4_Z43,43,Tc,M4,2,4.0,F_M4_Z43.json,22,30.0,400.0,0.26686,14.00,16.00,5.0.0
M5_Z43,43,Tc,M5,-3,6.0,F_M5_Z43.json,22,30.0,400.0,0.26286,14.00,16.00,5.0.0
K_Z44,44,Ru,K,-1,2.0,F_K_Z44.json,30,30.0,400.0,22.08730,14.00,16.00,5.0.0
L1_Z44,44,Ru,L1,-1,2.0,F_L1_Z44.json,32,30.0,400.0,3.20404,14.00,16.00,5.0.0
L2_Z44,44,Ru,L2,1,2.0,F_L2_Z44.json,27,30.0,400.0,2.97198,14.00,16.00,5.0.0
L3_Z44,44,Ru,L3,-2,4.0,F_L3_Z44.json,30,30.0,400.0,2.83853,14.00,16.00,5.0.0
M1_Z44,44,Ru,M1,-1,2.0,F_M1_Z44.json,25,30.0,400.0,0.57408,14.00,16.00,5.0.0
M2_Z44,44,Ru,M2,1,2.0,F_M2_Z44.json,24,30.0,400.0,0.48211,14.00,16.00,5.0.0
M3_Z44,44,Ru,M3,-2,4.0,F_M3_Z44.json,24,30.0,400.0,0.45916,14.00,16.00,5.0.0
M4_Z44,44,Ru,M4,2,4.0,F_M4_Z44.json,22,30.0,400.0,0.29441,14.00,16.00,5.0.0
M5_Z44,44,Ru,M5,-3,6.0,F_M5_Z44.json,22,30.0,400.0,0.28986,14.00,16.00,5.0.0
K_Z45,45,Rh,K,-1,2.0,F_K_Z45.json,36,30.0,400.0,23.19190,14.00,16.00,5.0.0
L1_Z45,45,Rh,L1,-1,2.0,F_L1_Z45.json,30,30.0,400.0,3.39139,14.00,16.00,5.0.0
L2_Z45,45,Rh,L2,1,2.0,F_L2_Z45.json,31,30.0,400.0,3.15168,14.00,16.00,5.0.0
L3_Z45,45,Rh,L3,-2,4.0,F_L3_Z45.json,30,30.0,400.0,3.00434,14.00,16.00,5.0.0
M1_Z45,45,Rh,M1,-1,2.0,F_M1_Z45.json,23,30.0,400.0,0.61604,14.00,16.00,5.0.0
M2_Z45,45,Rh,M2,1,2.0,F_M2_Z45.json,23,30.0,400.0,0.52024,14.00,16.00,5.0.0
M3_Z45,45,Rh,M3,-2,4.0,F_M3_Z45.json,23,30.0,400.0,0.49456,14.00,16.00,5.0.0
M4_Z45,45,Rh,M4,2,4.0,F_M4_Z45.json,22,30.0,400.0,0.32294,14.00,16.00,5.0.0
M5_Z45,45,Rh,M5,-3,6.0,F_M5_Z45.json,22,30.0,400.0,0.31779,14.00,16.00,5.0.0
K_Z46,46,Pd,K,-1,2.0,F_K_Z46.json,37,30.0,400.0,24.32590,14.00,16.00,5.0.0
L1_Z46,46,Pd,L1,-1,2.0,F_L1_Z46.json,29,30.0,400.0,3.58458,14.00,16.00,5.0.0
L2_Z46,46,Pd,L2,1,2.0,F_L2_Z46.json,31,30.0,400.0,3.33714,14.00,16.00,5.0.0
L3_Z46,46,Pd,L3,-2,4.0,F_L3_Z46.json,30,30.0,400.0,3.17481,14.00,16.00,5.0.0
M1_Z46,46,Pd,M1,-1,2.0,F_M1_Z46.json,25,30.0,400.0,0.65934,14.00,16.00,5.0.0
M2_Z46,46,Pd,M2,1,2.0,F_M2_Z46.json,24,30.0,400.0,0.55966,14.00,16.00,5.0.0
M3_Z46,46,Pd,M3,-2,4.0,F_M3_Z46.json,23,30.0,400.0,0.53101,14.00,16.00,5.0.0
M4_Z46,46,Pd,M4,2,4.0,F_M4_Z46.json,22,30.0,400.0,0.35246,14.00,16.00,5.0.0
M5_Z46,46,Pd,M5,-3,6.0,F_M5_Z46.json,22,30.0,400.0,0.34665,14.00,16.00,5.0.0
K_Z47,47,Ag,K,-1,2.0,F_K_Z47.json,28,30.0,400.0,25.48980,14.00,16.00,5.0.0
L1_Z47,47,Ag,L1,-1,2.0,F_L1_Z47.json,31,30.0,400.0,3.78369,14.00,16.00,5.0.0
L2_Z47,47,Ag,L2,1,2.0,F_L2_Z47.json,27,30.0,400.0,3.52842,14.00,16.00,5.0.0
L3_Z47,47,Ag,L3,-2,4.0,F_L3_Z47.json,31,30.0,400.0,3.34995,14.00,16.00,5.0.0
M1_Z47,47,Ag,M1,-1,2.0,F_M1_Z47.json,25,30.0,400.0,0.70401,14.00,16.00,5.0.0
M2_Z47,47,Ag,M2,1,2.0,F_M2_Z47.json,24,30.0,400.0,0.60039,14.00,16.00,5.0.0
M3_Z47,47,Ag,M3,-2,4.0,F_M3_Z47.json,24,30.0,400.0,0.56852,14.00,16.00,5.0.0
M4_Z47,47,Ag,M4,2,4.0,F_M4_Z47.json,23,30.0,400.0,0.38298,14.00,16.00,5.0.0
M5_Z47,47,Ag,M5,-3,6.0,F_M5_Z47.json,22,30.0,400.0,0.37646,14.00,16.00,5.0.0
K_Z48,48,Cd,K,-1,2.0,F_K_Z48.json,40,30.0,400.0,26.68900,14.00,16.00,5.0.0
L1_Z48,48,Cd,L1,-1,2.0,F_L1_Z48.json,31,30.0,400.0,3.99442,14.00,16.00,5.0.0
L2_Z48,48,Cd,L2,1,2.0,F_L2_Z48.json,31,30.0,400.0,3.73120,14.00,16.00,5.0.0
L3_Z48,48,Cd,L3,-2,4.0,F_L3_Z48.json,27,30.0,400.0,3.53536,14.00,16.00,5.0.0
M1_Z48,48,Cd,M1,-1,2.0,F_M1_Z48.json,24,30.0,400.0,0.75559,14.00,16.00,5.0.0
M2_Z48,48,Cd,M2,1,2.0,F_M2_Z48.json,26,30.0,400.0,0.64799,14.00,16.00,5.0.0
M3_Z48,48,Cd,M3,-2,4.0,F_M3_Z48.json,25,30.0,400.0,0.61262,14.00,16.00,5.0.0
M4_Z48,48,Cd,M4,2,4.0,F_M4_Z48.json,23,30.0,400.0,0.42006,14.00,16.00,5.0.0
M5_Z48,48,Cd,M5,-3,6.0,F_M5_Z48.json,23,30.0,400.0,0.41276,14.00,16.00,5.0.0
K_Z49,49,In,K,-1,2.0,F_K_Z49.json,35,30.0,400.0,27.92110,14.00,16.00,5.0.0
L1_Z49,49,In,L1,-1,2.0,F_L1_Z49.json,30,30.0,400.0,4.21397,14.00,16.00,5.0.0
L2_Z49,49,In,L2,1,2.0,F_L2_Z49.json,31,30.0,400.0,3.94271,14.00,16.00,5.0.0
L3_Z49,49,In,L3,-2,4.0,F_L3_Z49.json,31,30.0,400.0,3.72821,14.00,16.00,5.0.0
M1_Z49,49,In,M1,-1,2.0,F_M1_Z49.json,26,30.0,400.0,0.81128,14.00,16.00,5.0.0
M2_Z49,49,In,M2,1,2.0,F_M2_Z49.json,26,30.0,400.0,0.69966,14.00,16.00,5.0.0
M3_Z49,49,In,M3,-2,4.0,F_M3_Z49.json,25,30.0,400.0,0.66048,14.00,16.00,5.0.0
M4_Z49,49,In,M4,2,4.0,F_M4_Z49.json,24,30.0,400.0,0.46086,14.00,16.00,5.0.0
M5_Z49,49,In,M5,-3,6.0,F_M5_Z49.json,23,30.0,400.0,0.45271,14.00,16.00,5.0.0
K_Z50,50,Sn,K,-1,2.0,F_K_Z50.json,38,30.0,400.0,29.18430,14.00,16.00,5.0.0
L1_Z50,50,Sn,L1,-1,2.0,F_L1_Z50.json,31,30.0,400.0,4.44024,14.00,16.00,5.0.0
L2_Z50,50,Sn,L2,1,2.0,F_L2_Z50.json,30,30.0,400.0,4.16084,14.00,16.00,5.0.0
L3_Z50,50,Sn,L3,-2,4.0,F_L3_Z50.json,32,30.0,400.0,3.92633,14.00,16.00,5.0.0
M1_Z50,50,Sn,M1,-1,2.0,F_M1_Z50.json,25,30.0,400.0,0.86891,14.00,16.00,5.0.0
M2_Z50,50,Sn,M2,1,2.0,F_M2_Z50.json,24,30.0,400.0,0.75322,14.00,16.00,5.0.0
M3_Z50,50,Sn,M3,-2,4.0,F_M3_Z50.json,25,30.0,400.0,0.70993,14.00,16.00,5.0.0
M4_Z50,50,Sn,M4,2,4.0,F_M4_Z50.json,23,30.0,400.0,0.50319,14.00,16.00,5.0.0
M5_Z50,50,Sn,M5,-3,6.0,F_M5_Z50.json,23,30.0,400.0,0.49413,14.00,16.00,5.0.0
L1_Z51,51,Sb,L1,-1,2.0,F_L1_Z51.json,33,30.0,400.0,4.67376,14.00,16.00,5.0.0
L2_Z51,51,Sb,L2,1,2.0,F_L2_Z51.json,34,30.0,400.0,4.38610,14.00,16.00,5.0.0
L3_Z51,51,Sb,L3,-2,4.0,F_L3_Z51.json,30,30.0,400.0,4.13015,14.00,16.00,5.0.0
M1_Z51,51,Sb,M1,-1,2.0,F_M1_Z51.json,27,30.0,400.0,0.92892,14.00,16.00,5.0.0
M2_Z51,51,Sb,M2,1,2.0,F_M2_Z51.json,26,30.0,400.0,0.80910,14.00,16.00,5.0.0
M3_Z51,51,Sb,M3,-2,4.0,F_M3_Z51.json,25,30.0,400.0,0.76138,14.00,16.00,5.0.0
M4_Z51,51,Sb,M4,2,4.0,F_M4_Z51.json,25,30.0,400.0,0.54748,14.00,16.00,5.0.0
M5_Z51,51,Sb,M5,-3,6.0,F_M5_Z51.json,24,30.0,400.0,0.53742,14.00,16.00,5.0.0
L1_Z52,52,Te,L1,-1,2.0,F_L1_Z52.json,26,30.0,400.0,4.91437,14.00,16.00,5.0.0
L2_Z52,52,Te,L2,1,2.0,F_L2_Z52.json,33,30.0,400.0,4.61837,14.00,16.00,5.0.0
L3_Z52,52,Te,L3,-2,4.0,F_L3_Z52.json,32,30.0,400.0,4.33946,14.00,16.00,5.0.0
M1_Z52,52,Te,M1,-1,2.0,F_M1_Z52.json,26,30.0,400.0,0.99113,14.00,16.00,5.0.0
M2_Z52,52,Te,M2,1,2.0,F_M2_Z52.json,25,30.0,400.0,0.86713,14.00,16.00,5.0.0
M3_Z52,52,Te,M3,-2,4.0,F_M3_Z52.json,26,30.0,400.0,0.81462,14.00,16.00,5.0.0
M4_Z52,52,Te,M4,2,4.0,F_M4_Z52.json,24,30.0,400.0,0.59352,14.00,16.00,5.0.0
M5_Z52,52,Te,M5,-3,6.0,F_M5_Z52.json,25,30.0,400.0,0.58239,14.00,16.00,5.0.0
L1_Z53,53,I,L1,-1,2.0,F_L1_Z53.json,35,30.0,400.0,5.16220,14.00,16.00,5.0.0
L2_Z53,53,I,L2,1,2.0,F_L2_Z53.json,35,30.0,400.0,4.85773,14.00,16.00,5.0.0
L3_Z53,53,I,L3,-2,4.0,F_L3_Z53.json,33,30.0,400.0,4.55428,14.00,16.00,5.0.0
M1_Z53,53,I,M1,-1,2.0,F_M1_Z53.json,25,30.0,400.0,1.05556,14.00,16.00,5.0.0
M2_Z53,53,I,M2,1,2.0,F_M2_Z53.json,27,30.0,400.0,0.92734,14.00,16.00,5.0.0
M3_Z53,53,I,M3,-2,4.0,F_M3_Z53.json,25,30.0,400.0,0.86967,14.00,16.00,5.0.0
M4_Z53,53,I,M4,2,4.0,F_M4_Z53.json,26,30.0,400.0,0.64132,14.00,16.00,5.0.0
M5_Z53,53,I,M5,-3,6.0,F_M5_Z53.json,23,30.0,400.0,0.62904,14.00,16.00,5.0.0
L1_Z54,54,Xe,L1,-1,2.0,F_L1_Z54.json,34,30.0,400.0,5.41732,14.00,16.00,5.0.0
L2_Z54,54,Xe,L2,1,2.0,F_L2_Z54.json,37,30.0,400.0,5.10428,14.00,16.00,5.0.0
L3_Z54,54,Xe,L3,-2,4.0,F_L3_Z54.json,33,30.0,400.0,4.77462,14.00,16.00,5.0.0
M1_Z54,54,Xe,M1,-1,2.0,F_M1_Z54.json,27,30.0,400.0,1.12224,14.00,16.00,5.0.0
M2_Z54,54,Xe,M2,1,2.0,F_M2_Z54.json,26,30.0,400.0,0.98974,14.00,16.00,5.0.0
M3_Z54,54,Xe,M3,-2,4.0,F_M3_Z54.json,27,30.0,400.0,0.92652,14.00,16.00,5.0.0
M4_Z54,54,Xe,M4,2,4.0,F_M4_Z54.json,26,30.0,400.0,0.69088,14.00,16.00,5.0.0
M5_Z54,54,Xe,M5,-3,6.0,F_M5_Z54.json,25,30.0,400.0,0.67736,14.00,16.00,5.0.0
L1_Z55,55,Cs,L1,-1,2.0,F_L1_Z55.json,32,30.0,400.0,5.68531,14.00,16.00,5.0.0
L2_Z55,55,Cs,L2,1,2.0,F_L2_Z55.json,33,30.0,400.0,5.36359,14.00,16.00,5.0.0
L3_Z55,55,Cs,L3,-2,4.0,F_L3_Z55.json,27,30.0,400.0,5.00597,14.00,16.00,5.0.0
M1_Z55,55,Cs,M1,-1,2.0,F_M1_Z55.json,27,30.0,400.0,1.19664,14.00,16.00,5.0.0
M2_Z55,55,Cs,M2,1,2.0,F_M2_Z55.json,25,30.0,400.0,1.05982,14.00,16.00,5.0.0
M3_Z55,55,Cs,M3,-2,4.0,F_M3_Z55.json,26,30.0,400.0,0.99064,14.00,16.00,5.0.0
M4_Z55,55,Cs,M4,2,4.0,F_M4_Z55.json,24,30.0,400.0,0.74766,14.00,16.00,5.0.0
M5_Z55,55,Cs,M5,-3,6.0,F_M5_Z55.json,24,30.0,400.0,0.73280,14.00,16.00,5.0.0
L1_Z56,56,Ba,L1,-1,2.0,F_L1_Z56.json,30,30.0,400.0,5.96119,14.00,16.00,5.0.0
L2_Z56,56,Ba,L2,1,2.0,F_L2_Z56.json,32,30.0,400.0,5.63071,14.00,16.00,5.0.0
L3_Z56,56,Ba,L3,-2,4.0,F_L3_Z56.json,33,30.0,400.0,5.24327,14.00,16.00,5.0.0
M1_Z56,56,Ba,M1,-1,2.0,F_M1_Z56.json,24,30.0,400.0,1.27372,14.00,16.00,5.0.0
M2_Z56,56,Ba,M2,1,2.0,F_M2_Z56.json,27,30.0,400.0,1.13252,14.00,16.00,5.0.0
M3_Z56,56,Ba,M3,-2,4.0,F_M3_Z56.json,25,30.0,400.0,1.05695,14.00,16.00,5.0.0
M4_Z56,56,Ba,M4,2,4.0,F_M4_Z56.json,26,30.0,400.0,0.80660,14.00,16.00,5.0.0
M5_Z56,56,Ba,M5,-3,6.0,F_M5_Z56.json,26,30.0,400.0,0.79030,14.00,16.00,5.0.0
L1_Z57,57,La,L1,-1,2.0,F_L1_Z57.json,33,30.0,400.0,6.24220,14.00,16.00,5.0.0
L2_Z57,57,La,L2,1,2.0,F_L2_Z57.json,29,30.0,400.0,5.90284,14.00,16.00,5.0.0
L3_Z57,57,La,L3,-2,4.0,F_L3_Z57.json,36,30.0,400.0,5.48366,14.00,16.00,5.0.0
M1_Z57,57,La,M1,-1,2.0,F_M1_Z57.json,28,30.0,400.0,1.35068,14.00,16.00,5.0.0
M2_Z57,57,La,M2,1,2.0,F_M2_Z57.json,28,30.0,400.0,1.20505,14.00,16.00,5.0.0
M3_Z57,57,La,M3,-2,4.0,F_M3_Z57.json,27,30.0,400.0,1.12263,14.00,16.00,5.0.0
M4_Z57,57,La,M4,2,4.0,F_M4_Z57.json,25,30.0,400.0,0.86484,14.00,16.00,5.0.0
M5_Z57,57,La,M5,-3,6.0,F_M5_Z57.json,26,30.0,400.0,0.84701,14.00,16.00,5.0.0
L1_Z58,58,Ce,L1,-1,2.0,F_L1_Z58.json,33,30.0,400.0,6.52163,14.00,16.00,5.0.0
L2_Z58,58,Ce,L2,1,2.0,F_L2_Z58.json,32,30.0,400.0,6.17349,14.00,16.00,5.0.0
L3_Z58,58,Ce,L3,-2,4.0,F_L3_Z58.json,30,30.0,400.0,5.72046,14.00,16.00,5.0.0
M1_Z58,58,Ce,M1,-1,2.0,F_M1_Z58.json,28,30.0,400.0,1.41931,14.00,16.00,5.0.0
M2_Z58,58,Ce,M2,1,2.0,F_M2_Z58.json,24,30.0,400.0,1.26927,14.00,16.00,5.0.0
M3_Z58,58,Ce,M3,-2,4.0,F_M3_Z58.json,27,30.0,400.0,1.17948,14.00,16.00,5.0.0
M4_Z58,58,Ce,M4,2,4.0,F_M4_Z58.json,28,30.0,400.0,0.91436,14.00,16.00,5.0.0
M5_Z58,58,Ce,M5,-3,6.0,F_M5_Z58.json,25,30.0,400.0,0.89487,14.00,16.00,5.0.0
L1_Z59,59,Pr,L1,-1,2.0,F_L1_Z59.json,35,30.0,400.0,6.80801,14.00,16.00,5.0.0
L2_Z59,59,Pr,L2,1,2.0,F_L2_Z59.json,34,30.0,400.0,6.45100,14.00,16.00,5.0.0
L3_Z59,59,Pr,L3,-2,4.0,F_L3_Z59.json,30,30.0,400.0,5.96196,14.00,16.00,5.0.0
M1_Z59,59,Pr,M1,-1,2.0,F_M1_Z59.json,26,30.0,400.0,1.48939,14.00,16.00,5.0.0
M2_Z59,59,Pr,M2,1,2.0,F_M2_Z59.json,28,30.0,400.0,1.33488,14.00,16.00,5.0.0
M3_Z59,59,Pr,M3,-2,4.0,F_M3_Z59.json,24,30.0,400.0,1.23721,14.00,16.00,5.0.0
M4_Z59,59,Pr,M4,2,4.0,F_M4_Z59.json,28,30.0,400.0,0.96470,14.00,16.00,5.0.0
M5_Z59,59,Pr,M5,-3,6.0,F_M5_Z59.json,27,30.0,400.0,0.94344,14.00,16.00,5.0.0
L1_Z60,60,Nd,L1,-1,2.0,F_L1_Z60.json,28,30.0,400.0,7.10150,14.00,16.00,5.0.0
L2_Z60,60,Nd,L2,1,2.0,F_L2_Z60.json,33,30.0,400.0,6.73552,14.00,16.00,5.0.0
L3_Z60,60,Nd,L3,-2,4.0,F_L3_Z60.json,33,30.0,400.0,6.20824,14.00,16.00,5.0.0
M1_Z60,60,Nd,M1,-1,2.0,F_M1_Z60.json,31,30.0,400.0,1.56100,14.00,16.00,5.0.0
M2_Z60,60,Nd,M2,1,2.0,F_M2_Z60.json,27,30.0,400.0,1.40196,14.00,16.00,5.0.0
M3_Z60,60,Nd,M3,-2,4.0,F_M3_Z60.json,30,30.0,400.0,1.29589,14.00,16.00,5.0.0
M4_Z60,60,Nd,M4,2,4.0,F_M4_Z60.json,25,30.0,400.0,1.01595,14.00,16.00,5.0.0
M5_Z60,60,Nd,M5,-3,6.0,F_M5_Z60.json,26,30.0,400.0,0.99279,14.00,16.00,5.0.0
L1_Z61,61,Pm,L1,-1,2.0,F_L1_Z61.json,31,30.0,400.0,7.40226,14.00,16.00,5.0.0
L2_Z61,61,Pm,L2,1,2.0,F_L2_Z61.json,28,30.0,400.0,7.02723,14.00,16.00,5.0.0
L3_Z61,61,Pm,L3,-2,4.0,F_L3_Z61.json,34,30.0,400.0,6.45933,14.00,16.00,5.0.0
M1_Z61,61,Pm,M1,-1,2.0,F_M1_Z61.json,26,30.0,400.0,1.63423,14.00,16.00,5.0.0
M2_Z61,61,Pm,M2,1,2.0,F_M2_Z61.json,24,30.0,400.0,1.47062,14.00,16.00,5.0.0
M3_Z61,61,Pm,M3,-2,4.0,F_M3_Z61.json,28,30.0,400.0,1.35558,14.00,16.00,5.0.0
M4_Z61,61,Pm,M4,2,4.0,F_M4_Z61.json,27,30.0,400.0,1.06815,14.00,16.00,5.0.0
M5_Z61,61,Pm,M5,-3,6.0,F_M5_Z61.json,25,30.0,400.0,1.04298,14.00,16.00,5.0.0
L1_Z62,62,Sm,L1,-1,2.0,F_L1_Z62.json,36,30.0,400.0,7.71044,14.00,16.00,5.0.0
L2_Z62,62,Sm,L2,1,2.0,F_L2_Z62.json,35,30.0,400.0,7.32625,14.00,16.00,5.0.0
L3_Z62,62,Sm,L3,-2,4.0,F_L3_Z62.json,33,30.0,400.0,6.71528,14.00,16.00,5.0.0
M1_Z62,62,Sm,M1,-1,2.0,F_M1_Z62.json,30,30.0,400.0,1.70915,14.00,16.00,5.0.0
M2_Z62,62,Sm,M2,1,2.0,F_M2_Z62.json,31,30.0,400.0,1.54092,14.00,16.00,5.0.0
M3_Z62,62,Sm,M3,-2,4.0,F_M3_Z62.json,28,30.0,400.0,1.41631,14.00,16.00,5.0.0
M4_Z62,62,Sm,M4,2,4.0,F_M4_Z62.json,27,30.0,400.0,1.12136,14.00,16.00,5.0.0
M5_Z62,62,Sm,M5,-3,6.0,F_M5_Z62.json,29,30.0,400.0,1.09404,14.00,16.00,5.0.0
L1_Z63,63,Eu,L1,-1,2.0,F_L1_Z63.json,31,30.0,400.0,8.02620,14.00,16.00,5.0.0
L2_Z63,63,Eu,L2,1,2.0,F_L2_Z63.json,33,30.0,400.0,7.63275,14.00,16.00,5.0.0
L3_Z63,63,Eu,L3,-2,4.0,F_L3_Z63.json,31,30.0,400.0,6.97611,14.00,16.00,5.0.0
M1_Z63,63,Eu,M1,-1,2.0,F_M1_Z63.json,27,30.0,400.0,1.78583,14.00,16.00,5.0.0
M2_Z63,63,Eu,M2,1,2.0,F_M2_Z63.json,28,30.0,400.0,1.61291,14.00,16.00,5.0.0
M3_Z63,63,Eu,M3,-2,4.0,F_M3_Z63.json,24,30.0,400.0,1.47813,14.00,16.00,5.0.0
M4_Z63,63,Eu,M4,2,4.0,F_M4_Z63.json,27,30.0,400.0,1.17559,14.00,16.00,5.0.0
M5_Z63,63,Eu,M5,-3,6.0,F_M5_Z63.json,27,30.0,400.0,1.14599,14.00,16.00,5.0.0
L1_Z64,64,Gd,L1,-1,2.0,F_L1_Z64.json,31,30.0,400.0,8.34984,14.00,16.00,5.0.0
L2_Z64,64,Gd,L2,1,2.0,F_L2_Z64.json,31,30.0,400.0,7.94703,14.00,16.00,5.0.0
L3_Z64,64,Gd,L3,-2,4.0,F_L3_Z64.json,32,30.0,400.0,7.24202,14.00,16.00,5.0.0
M1_Z64,64,Gd,M1,-1,2.0,F_M1_Z64.json,29,30.0,400.0,1.86449,14.00,16.00,5.0.0
M2_Z64,64,Gd,M2,1,2.0,F_M2_Z64.json,28,30.0,400.0,1.68683,14.00,16.00,5.0.0
M3_Z64,64,Gd,M3,-2,4.0,F_M3_Z64.json,31,30.0,400.0,1.54122,14.00,16.00,5.0.0
M4_Z64,64,Gd,M4,2,4.0,F_M4_Z64.json,24,30.0,400.0,1.23104,14.00,16.00,5.0.0
M5_Z64,64,Gd,M5,-3,6.0,F_M5_Z64.json,27,30.0,400.0,1.19903,14.00,16.00,5.0.0
L1_Z65,65,Tb,L1,-1,2.0,F_L1_Z65.json,32,30.0,400.0,8.68139,14.00,16.00,5.0.0
L2_Z65,65,Tb,L2,1,2.0,F_L2_Z65.json,31,30.0,400.0,8.26910,14.00,16.00,5.0.0
L3_Z65,65,Tb,L3,-2,4.0,F_L3_Z65.json,33,30.0,400.0,7.51288,14.00,16.00,5.0.0
M1_Z65,65,Tb,M1,-1,2.0,F_M1_Z65.json,31,30.0,400.0,1.94504,14.00,16.00,5.0.0
M2_Z65,65,Tb,M2,1,2.0,F_M2_Z65.json,25,30.0,400.0,1.76258,14.00,16.00,5.0.0
M3_Z65,65,Tb,M3,-2,4.0,F_M3_Z65.json,29,30.0,400.0,1.60546,14.00,16.00,5.0.0
M4_Z65,65,Tb,M4,2,4.0,F_M4_Z65.json,30,30.0,400.0,1.28759,14.00,16.00,5.0.0
M5_Z65,65,Tb,M5,-3,6.0,F_M5_Z65.json,24,30.0,400.0,1.25301,14.00,16.00,5.0.0
L1_Z66,66,Dy,L1,-1,2.0,F_L1_Z66.json,33,30.0,400.0,9.02099,14.00,16.00,5.0.0
L2_Z66,66,Dy,L2,1,2.0,F_L2_Z66.json,33,30.0,400.0,8.59911,14.00,16.00,5.0.0
L3_Z66,66,Dy,L3,-2,4.0,F_L3_Z66.json,35,30.0,400.0,7.78871,14.00,16.00,5.0.0
M1_Z66,66,Dy,M1,-1,2.0,F_M1_Z66.json,27,30.0,400.0,2.02753,14.00,16.00,5.0.0
M2_Z66,66,Dy,M2,1,2.0,F_M2_Z66.json,29,30.0,400.0,1.84021,14.00,16.00,5.0.0
M3_Z66,66,Dy,M3,-2,4.0,F_M3_Z66.json,27,30.0,400.0,1.67087,14.00,16.00,5.0.0
M4_Z66,66,Dy,M4,2,4.0,F_M4_Z66.json,28,30.0,400.0,1.34525,14.00,16.00,5.0.0
M5_Z66,66,Dy,M5,-3,6.0,F_M5_Z66.json,29,30.0,400.0,1.30795,14.00,16.00,5.0.0
L1_Z67,67,Ho,L1,-1,2.0,F_L1_Z67.json,34,30.0,400.0,9.36880,14.00,16.00,5.0.0
L2_Z67,67,Ho,L2,1,2.0,F_L2_Z67.json,32,30.0,400.0,8.93722,14.00,16.00,5.0.0
L3_Z67,67,Ho,L3,-2,4.0,F_L3_Z67.json,31,30.0,400.0,8.06953,14.00,16.00,5.0.0
M1_Z67,67,Ho,M1,-1,2.0,F_M1_Z67.json,27,30.0,400.0,2.11202,14.00,16.00,5.0.0
M2_Z67,67,Ho,M2,1,2.0,F_M2_Z67.json,32,30.0,400.0,1.91978,14.00,16.00,5.0.0
M3_Z67,67,Ho,M3,-2,4.0,F_M3_Z67.json,28,30.0,400.0,1.73746,14.00,16.00,5.0.0
M4_Z67,67,Ho,M4,2,4.0,F_M4_Z67.json,28,30.0,400.0,1.40403,14.00,16.00,5.0.0
M5_Z67,67,Ho,M5,-3,6.0,F_M5_Z67.json,28,30.0,400.0,1.36386,14.00,16.00,5.0.0
L1_Z68,68,Er,L1,-1,2.0,F_L1_Z68.json,34,30.0,400.0,9.72500,14.00,16.00,5.0.0
L2_Z68,68,Er,L2,1,2.0,F_L2_Z68.json,33,30.0,400.0,9.28359,14.00,16.00,5.0.0
L3_Z68,68,Er,L3,-2,4.0,F_L3_Z68.json,31,30.0,400.0,8.35535,14.00,16.00,5.0.0
M1_Z68,68,Er,M1,-1,2.0,F_M1_Z68.json,32,30.0,400.0,2.19856,14.00,16.00,5.0.0
M2_Z68,68,Er,M2,1,2.0,F_M2_Z68.json,28,30.0,400.0,2.00135,14.00,16.00,5.0.0
M3_Z68,68,Er,M3,-2,4.0,F_M3_Z68.json,29,30.0,400.0,1.80526,14.00,16.00,5.0.0
M4_Z68,68,Er,M4,2,4.0,F_M4_Z68.json,26,30.0,400.0,1.46397,14.00,16.00,5.0.0
M5_Z68,68,Er,M5,-3,6.0,F_M5_Z68.json,28,30.0,400.0,1.42076,14.00,16.00,5.0.0
L1_Z69,69,Tm,L1,-1,2.0,F_L1_Z69.json,30,30.0,400.0,10.08970,14.00,16.00,5.0.0
L2_Z69,69,Tm,L2,1,2.0,F_L2_Z69.json,34,30.0,400.0,9.63838,14.00,16.00,5.0.0
L3_Z69,69,Tm,L3,-2,4.0,F_L3_Z69.json,33,30.0,400.0,8.64621,14.00,16.00,5.0.0
M1_Z69,69,Tm,M1,-1,2.0,F_M1_Z69.json,30,30.0,400.0,2.28721,14.00,16.00,5.0.0
M2_Z69,69,Tm,M2,1,2.0,F_M2_Z69.json,27,30.0,400.0,2.08496,14.00,16.00,5.0.0
M3_Z69,69,Tm,M3,-2,4.0,F_M3_Z69.json,29,30.0,400.0,1.87428,14.00,16.00,5.0.0
M4_Z69,69,Tm,M4,2,4.0,F_M4_Z69.json,28,30.0,400.0,1.52506,14.00,16.00,5.0.0
M5_Z69,69,Tm,M5,-3,6.0,F_M5_Z69.json,24,30.0,400.0,1.47865,14.00,16.00,5.0.0
L1_Z70,70,Yb,L1,-1,2.0,F_L1_Z70.json,33,30.0,400.0,10.46320,14.00,16.00,5.0.0
L2_Z70,70,Yb,L2,1,2.0,F_L2_Z70.json,29,30.0,400.0,10.00180,14.00,16.00,5.0.0
L3_Z70,70,Yb,L3,-2,4.0,F_L3_Z70.json,32,30.0,400.0,8.94210,14.00,16.00,5.0.0
M1_Z70,70,Yb,M1,-1,2.0,F_M1_Z70.json,30,30.0,400.0,2.37803,14.00,16.00,5.0.0
M2_Z70,70,Yb,M2,1,2.0,F_M2_Z70.json,30,30.0,400.0,2.17067,14.00,16.00,5.0.0
M3_Z70,70,Yb,M3,-2,4.0,F_M3_Z70.json,31,30.0,400.0,1.94453,14.00,16.00,5.0.0
M4_Z70,70,Yb,M4,2,4.0,F_M4_Z70.json,29,30.0,400.0,1.58733,14.00,16.00,5.0.0
M5_Z70,70,Yb,M5,-3,6.0,F_M5_Z70.json,31,30.0,400.0,1.53753,14.00,16.00,5.0.0
L1_Z71,71,Lu,L1,-1,2.0,F_L1_Z71.json,34,30.0,400.0,10.84560,14.00,16.00,5.0.0
L2_Z71,71,Lu,L2,1,2.0,F_L2_Z71.json,34,30.0,400.0,10.37390,14.00,16.00,5.0.0
L3_Z71,71,Lu,L3,-2,4.0,F_L3_Z71.json,33,30.0,400.0,9.24305,14.00,16.00,5.0.0
M1_Z71,71,Lu,M1,-1,2.0,F_M1_Z71.json,26,30.0,400.0,2.47106,14.00,16.00,5.0.0
M2_Z71,71,Lu,M2,1,2.0,F_M2_Z71.json,29,30.0,400.0,2.25853,14.00,16.00,5.0.0
M3_Z71,71,Lu,M3,-2,4.0,F_M3_Z71.json,29,30.0,400.0,2.01602,14.00,16.00,5.0.0
M4_Z71,71,Lu,M4,2,4.0,F_M4_Z71.json,28,30.0,400.0,1.65079,14.00,16.00,5.0.0
M5_Z71,71,Lu,M5,-3,6.0,F_M5_Z71.json,29,30.0,400.0,1.59743,14.00,16.00,5.0.0
L1_Z72,72,Hf,L1,-1,2.0,F_L1_Z72.json,31,30.0,400.0,11.24600,14.00,16.00,5.0.0
L2_Z72,72,Hf,L2,1,2.0,F_L2_Z72.json,34,30.0,400.0,10.76390,14.00,16.00,5.0.0
L3_Z72,72,Hf,L3,-2,4.0,F_L3_Z72.json,33,30.0,400.0,9.55798,14.00,16.00,5.0.0
M1_Z72,72,Hf,M1,-1,2.0,F_M1_Z72.json,33,30.0,400.0,2.57641,14.00,16.00,5.0.0
M2_Z72,72,Hf,M2,1,2.0,F_M2_Z72.json,31,30.0,400.0,2.35859,14.00,16.00,5.0.0
M3_Z72,72,Hf,M3,-2,4.0,F_M3_Z72.json,27,30.0,400.0,2.09882,14.00,16.00,5.0.0
M4_Z72,72,Hf,M4,2,4.0,F_M4_Z72.json,29,30.0,400.0,1.72534,14.00,16.00,5.0.0
M5_Z72,72,Hf,M5,-3,6.0,F_M5_Z72.json,27,30.0,400.0,1.66825,14.00,16.00,5.0.0
L1_Z73,73,Ta,L1,-1,2.0,F_L1_Z73.json,31,30.0,400.0,11.65640,14.00,16.00,5.0.0
L2_Z73,73,Ta,L2,1,2.0,F_L2_Z73.json,32,30.0,400.0,11.16370,14.00,16.00,5.0.0
L3_Z73,73,Ta,L3,-2,4.0,F_L3_Z73.json,28,30.0,400.0,9.87869,14.00,16.00,5.0.0
M1_Z73,73,Ta,M1,-1,2.0,F_M1_Z73.json,31,30.0,400.0,2.68494,14.00,16.00,5.0.0
M2_Z73,73,Ta,M2,1,2.0,F_M2_Z73.json,26,30.0,400.0,2.46175,14.00,16.00,5.0.0
M3_Z73,73,Ta,M3,-2,4.0,F_M3_Z73.json,30,30.0,400.0,2.18372,14.00,16.00,5.0.0
M4_Z73,73,Ta,M4,2,4.0,F_M4_Z73.json,29,30.0,400.0,1.80193,14.00,16.00,5.0.0
M5_Z73,73,Ta,M5,-3,6.0,F_M5_Z73.json,28,30.0,400.0,1.74093,14.00,16.00,5.0.0
L1_Z74,74,W,L1,-1,2.0,F_L1_Z74.json,34,30.0,400.0,12.07700,14.00,16.00,5.0.0
L2_Z74,74,W,L2,1,2.0,F_L2_Z74.json,31,30.0,400.0,11.57350,14.00,16.00,5.0.0
L3_Z74,74,W,L3,-2,4.0,F_L3_Z74.json,36,30.0,400.0,10.20520,14.00,16.00,5.0.0
M1_Z74,74,W,M1,-1,2.0,F_M1_Z74.json,31,30.0,400.0,2.79667,14.00,16.00,5.0.0
M2_Z74,74,W,M2,1,2.0,F_M2_Z74.json,33,30.0,400.0,2.56803,14.00,16.00,5.0.0
M3_Z74,74,W,M3,-2,4.0,F_M3_Z74.json,29,30.0,400.0,2.27071,14.00,16.00,5.0.0
M4_Z74,74,W,M4,2,4.0,F_M4_Z74.json,29,30.0,400.0,1.88053,14.00,16.00,5.0.0
M5_Z74,74,W,M5,-3,6.0,F_M5_Z74.json,29,30.0,400.0,1.81541,14.00,16.00,5.0.0
L1_Z75,75,Re,L1,-1,2.0,F_L1_Z75.json,32,30.0,400.0,12.50820,14.00,16.00,5.0.0
L2_Z75,75,Re,L2,1,2.0,F_L2_Z75.json,32,30.0,400.0,11.99370,14.00,16.00,5.0.0
L3_Z75,75,Re,L3,-2,4.0,F_L3_Z75.json,32,30.0,400.0,10.53770,14.00,16.00,5.0.0
M1_Z75,75,Re,M1,-1,2.0,F_M1_Z75.json,28,30.0,400.0,2.91188,14.00,16.00,5.0.0
M2_Z75,75,Re,M2,1,2.0,F_M2_Z75.json,31,30.0,400.0,2.67772,14.00,16.00,5.0.0
M3_Z75,75,Re,M3,-2,4.0,F_M3_Z75.json,31,30.0,400.0,2.36002,14.00,16.00,5.0.0
M4_Z75,75,Re,M4,2,4.0,F_M4_Z75.json,29,30.0,400.0,1.96138,14.00,16.00,5.0.0
M5_Z75,75,Re,M5,-3,6.0,F_M5_Z75.json,29,30.0,400.0,1.89193,14.00,16.00,5.0.0
L1_Z76,76,Os,L1,-1,2.0,F_L1_Z76.json,33,30.0,400.0,12.95000,14.00,16.00,5.0.0
L2_Z76,76,Os,L2,1,2.0,F_L2_Z76.json,32,30.0,400.0,12.42440,14.00,16.00,5.0.0
L3_Z76,76,Os,L3,-2,4.0,F_L3_Z76.json,34,30.0,400.0,10.87600,14.00,16.00,5.0.0
M1_Z76,76,Os,M1,-1,2.0,F_M1_Z76.json,30,30.0,400.0,3.03034,14.00,16.00,5.0.0
M2_Z76,76,Os,M2,1,2.0,F_M2_Z76.json,31,30.0,400.0,2.79059,14.00,16.00,5.0.0
M3_Z76,76,Os,M3,-2,4.0,F_M3_Z76.json,25,30.0,400.0,2.45137,14.00,16.00,5.0.0
M4_Z76,76,Os,M4,2,4.0,F_M4_Z76.json,27,30.0,400.0,2.04420,14.00,16.00,5.0.0
M5_Z76,76,Os,M5,-3,6.0,F_M5_Z76.json,29,30.0,400.0,1.97021,14.00,16.00,5.0.0
L1_Z77,77,Ir,L1,-1,2.0,F_L1_Z77.json,35,30.0,400.0,13.40250,14.00,16.00,5.0.0
L2_Z77,77,Ir,L2,1,2.0,F_L2_Z77.json,33,30.0,400.0,12.86560,14.00,16.00,5.0.0
L3_Z77,77,Ir,L3,-2,4.0,F_L3_Z77.json,31,30.0,400.0,11.22000,14.00,16.00,5.0.0
M1_Z77,77,Ir,M1,-1,2.0,F_M1_Z77.json,31,30.0,400.0,3.15212,14.00,16.00,5.0.0
M2_Z77,77,Ir,M2,1,2.0,F_M2_Z77.json,28,30.0,400.0,2.90669,14.00,16.00,5.0.0
M3_Z77,77,Ir,M3,-2,4.0,F_M3_Z77.json,25,30.0,400.0,2.54475,14.00,16.00,5.0.0
M4_Z77,77,Ir,M4,2,4.0,F_M4_Z77.json,29,30.0,400.0,2.12897,14.00,16.00,5.0.0
M5_Z77,77,Ir,M5,-3,6.0,F_M5_Z77.json,27,30.0,400.0,2.05023,14.00,16.00,5.0.0
L1_Z78,78,Pt,L1,-1,2.0,F_L1_Z78.json,33,30.0,400.0,13.86270,14.00,16.00,5.0.0
L2_Z78,78,Pt,L2,1,2.0,F_L2_Z78.json,35,30.0,400.0,13.31440,14.00,16.00,5.0.0
L3_Z78,78,Pt,L3,-2,4.0,F_L3_Z78.json,31,30.0,400.0,11.56650,14.00,16.00,5.0.0
M1_Z78,78,Pt,M1,-1,2.0,F_M1_Z78.json,30,30.0,400.0,3.27394,14.00,16.00,5.0.0
M2_Z78,78,Pt,M2,1,2.0,F_M2_Z78.json,30,30.0,400.0,3.02277,14.00,16.00,5.0.0
M3_Z78,78,Pt,M3,-2,4.0,F_M3_Z78.json,31,30.0,400.0,2.63686,14.00,16.00,5.0.0
M4_Z78,78,Pt,M4,2,4.0,F_M4_Z78.json,30,30.0,400.0,2.21238,14.00,16.00,5.0.0
M5_Z78,78,Pt,M5,-3,6.0,F_M5_Z78.json,29,30.0,400.0,2.12865,14.00,16.00,5.0.0
L1_Z79,79,Au,L1,-1,2.0,F_L1_Z79.json,31,30.0,400.0,14.33720,14.00,16.00,5.0.0
L2_Z79,79,Au,L2,1,2.0,F_L2_Z79.json,34,30.0,400.0,13.77730,14.00,16.00,5.0.0
L3_Z79,79,Au,L3,-2,4.0,F_L3_Z79.json,32,30.0,400.0,11.92190,14.00,16.00,5.0.0
M1_Z79,79,Au,M1,-1,2.0,F_M1_Z79.json,32,30.0,400.0,3.40227,14.00,16.00,5.0.0
M2_Z79,79,Au,M2,1,2.0,F_M2_Z79.json,33,30.0,400.0,3.14526,14.00,16.00,5.0.0
M3_Z79,79,Au,M3,-2,4.0,F_M3_Z79.json,33,30.0,400.0,2.73407,14.00,16.00,5.0.0
M4_Z79,79,Au,M4,2,4.0,F_M4_Z79.json,32,30.0,400.0,2.30084,14.00,16.00,5.0.0
M5_Z79,79,Au,M5,-3,6.0,F_M5_Z79.json,30,30.0,400.0,2.21189,14.00,16.00,5.0.0
L1_Z80,80,Hg,L1,-1,2.0,F_L1_Z80.json,31,30.0,400.0,14.82680,14.00,16.00,5.0.0
L2_Z80,80,Hg,L2,1,2.0,F_L2_Z80.json,31,30.0,400.0,14.25520,14.00,16.00,5.0.0
L3_Z80,80,Hg,L3,-2,4.0,F_L3_Z80.json,31,30.0,400.0,12.28670,14.00,16.00,5.0.0
M1_Z80,80,Hg,M1,-1,2.0,F_M1_Z80.json,27,30.0,400.0,3.53771,14.00,16.00,5.0.0
M2_Z80,80,Hg,M2,1,2.0,F_M2_Z80.json,30,30.0,400.0,3.27481,14.00,16.00,5.0.0
M3_Z80,80,Hg,M3,-2,4.0,F_M3_Z80.json,30,30.0,400.0,2.83695,14.00,16.00,5.0.0
M4_Z80,80,Hg,M4,2,4.0,F_M4_Z80.json,30,30.0,400.0,2.39491,14.00,16.00,5.0.0
M5_Z80,80,Hg,M5,-3,6.0,F_M5_Z80.json,32,30.0,400.0,2.30049,14.00,16.00,5.0.0
L1_Z81,81,Tl,L1,-1,2.0,F_L1_Z81.json,37,30.0,400.0,15.33050,14.00,16.00,5.0.0
L2_Z81,81,Tl,L2,1,2.0,F_L2_Z81.json,30,30.0,400.0,14.74700,14.00,16.00,5.0.0
L3_Z81,81,Tl,L3,-2,4.0,F_L3_Z81.json,30,30.0,400.0,12.65960,14.00,16.00,5.0.0
M1_Z81,81,Tl,M1,-1,2.0,F_M1_Z81.json,31,30.0,400.0,3.67898,14.00,16.00,5.0.0
M2_Z81,81,Tl,M2,1,2.0,F_M2_Z81.json,32,30.0,400.0,3.41011,14.00,16.00,5.0.0
M3_Z81,81,Tl,M3,-2,4.0,F_M3_Z81.json,27,30.0,400.0,2.94414,14.00,16.00,5.0.0
M4_Z81,81,Tl,M4,2,4.0,F_M4_Z81.json,25,30.0,400.0,2.49322,14.00,16.00,5.0.0
M5_Z81,81,Tl,M5,-3,6.0,F_M5_Z81.json,30,30.0,400.0,2.39309,14.00,16.00,5.0.0
L1_Z82,82,Pb,L1,-1,2.0,F_L1_Z82.json,33,30.0,400.0,15.84640,14.00,16.00,5.0.0
L2_Z82,82,Pb,L2,1,2.0,F_L2_Z82.json,33,30.0,400.0,15.25090,14.00,16.00,5.0.0
L3_Z82,82,Pb,L3,-2,4.0,F_L3_Z82.json,32,30.0,400.0,13.03850,14.00,16.00,5.0.0
M1_Z82,82,Pb,M1,-1,2.0,F_M1_Z82.json,32,30.0,400.0,3.82405,14.00,16.00,5.0.0
M2_Z82,82,Pb,M2,1,2.0,F_M2_Z82.json,27,30.0,400.0,3.54912,14.00,16.00,5.0.0
M3_Z82,82,Pb,M3,-2,4.0,F_M3_Z82.json,31,30.0,400.0,3.05353,14.00,16.00,5.0.0
M4_Z82,82,Pb,M4,2,4.0,F_M4_Z82.json,34,30.0,400.0,2.59367,14.00,16.00,5.0.0
M5_Z82,82,Pb,M5,-3,6.0,F_M5_Z82.json,26,30.0,400.0,2.48756,14.00,16.00,5.0.0
L1_Z83,83,Bi,L1,-1,2.0,F_L1_Z83.json,29,30.0,400.0,16.37570,14.00,16.00,5.0.0
L2_Z83,83,Bi,L2,1,2.0,F_L2_Z83.json,34,30.0,400.0,15.76800,14.00,16.00,5.0.0
L3_Z83,83,Bi,L3,-2,4.0,F_L3_Z83.json,35,30.0,400.0,13.42440,14.00,16.00,5.0.0
M1_Z83,83,Bi,M1,-1,2.0,F_M1_Z83.json,31,30.0,400.0,3.97394,14.00,16.00,5.0.0
M2_Z83,83,Bi,M2,1,2.0,F_M2_Z83.json,31,30.0,400.0,3.69287,14.00,16.00,5.0.0
M3_Z83,83,Bi,M3,-2,4.0,F_M3_Z83.json,31,30.0,400.0,3.16608,14.00,16.00,5.0.0
M4_Z83,83,Bi,M4,2,4.0,F_M4_Z83.json,30,30.0,400.0,2.69721,14.00,16.00,5.0.0
M5_Z83,83,Bi,M5,-3,6.0,F_M5_Z83.json,33,30.0,400.0,2.58485,14.00,16.00,5.0.0
L1_Z84,84,Po,L1,-1,2.0,F_L1_Z84.json,31,30.0,400.0,16.91810,14.00,16.00,5.0.0
L2_Z84,84,Po,L2,1,2.0,F_L2_Z84.json,33,30.0,400.0,16.29790,14.00,16.00,5.0.0
L3_Z84,84,Po,L3,-2,4.0,F_L3_Z84.json,34,30.0,400.0,13.81640,14.00,16.00,5.0.0
M1_Z84,84,Po,M1,-1,2.0,F_M1_Z84.json,30,30.0,400.0,4.12794,14.00,16.00,5.0.0
M2_Z84,84,Po,M2,1,2.0,F_M2_Z84.json,36,30.0,400.0,3.84065,14.00,16.00,5.0.0
M3_Z84,84,Po,M3,-2,4.0,F_M3_Z84.json,32,30.0,400.0,3.28098,14.00,16.00,5.0.0
M4_Z84,84,Po,M4,2,4.0,F_M4_Z84.json,29,30.0,400.0,2.80304,14.00,16.00,5.0.0
M5_Z84,84,Po,M5,-3,6.0,F_M5_Z84.json,31,30.0,400.0,2.68415,14.00,16.00,5.0.0
L1_Z85,85,At,L1,-1,2.0,F_L1_Z85.json,32,30.0,400.0,17.47370,14.00,16.00,5.0.0
L2_Z85,85,At,L2,1,2.0,F_L2_Z85.json,31,30.0,400.0,16.84100,14.00,16.00,5.0.0
L3_Z85,85,At,L3,-2,4.0,F_L3_Z85.json,31,30.0,400.0,14.21470,14.00,16.00,5.0.0
M1_Z85,85,At,M1,-1,2.0,F_M1_Z85.json,33,30.0,400.0,4.28614,14.00,16.00,5.0.0
M2_Z85,85,At,M2,1,2.0,F_M2_Z85.json,31,30.0,400.0,3.99255,14.00,16.00,5.0.0
M3_Z85,85,At,M3,-2,4.0,F_M3_Z85.json,30,30.0,400.0,3.39827,14.00,16.00,5.0.0
M4_Z85,85,At,M4,2,4.0,F_M4_Z85.json,28,30.0,400.0,2.91119,14.00,16.00,5.0.0
M5_Z85,85,At,M5,-3,6.0,F_M5_Z85.json,31,30.0,400.0,2.78549,14.00,16.00,5.0.0
L1_Z86,86,Rn,L1,-1,2.0,F_L1_Z86.json,35,30.0,400.0,18.04260,14.00,16.00,5.0.0
L2_Z86,86,Rn,L2,1,2.0,F_L2_Z86.json,32,30.0,400.0,17.39750,14.00,16.00,5.0.0
L3_Z86,86,Rn,L3,-2,4.0,F_L3_Z86.json,33,30.0,400.0,14.61920,14.00,16.00,5.0.0
M1_Z86,86,Rn,M1,-1,2.0,F_M1_Z86.json,31,30.0,400.0,4.44855,14.00,16.00,5.0.0
M2_Z86,86,Rn,M2,1,2.0,F_M2_Z86.json,30,30.0,400.0,4.14868,14.00,16.00,5.0.0
M3_Z86,86,Rn,M3,-2,4.0,F_M3_Z86.json,27,30.0,400.0,3.51797,14.00,16.00,5.0.0
M4_Z86,86,Rn,M4,2,4.0,F_M4_Z86.json,30,30.0,400.0,3.02167,14.00,16.00,5.0.0
M5_Z86,86,Rn,M5,-3,6.0,F_M5_Z86.json,28,30.0,400.0,2.88888,14.00,16.00,5.0.0
